{"cameraMode":{"drawMode":0,"name":"Shaded","section":"Shading Mode"},"sceneLighting":false,"audioPlay":false,"sceneViewState":{"m_AlwaysRefresh":false,"showFog":true,"showSkybox":false,"showFlares":true,"showImageEffects":true,"showParticleSystems":true,"showVisualEffectGraphs":true,"m_FxEnabled":true},"in2DMode":false,"pivot":{"x":-1.1920928955078126e-7,"y":1.526086449623108,"z":1.1920928955078126e-7},"rotation":{"x":0.4487711191177368,"y":-0.04019066318869591,"z":0.02020854689180851,"w":0.8925171494483948},"size":1.5857188701629639,"orthographic":false}